Code,Runtime (s),Energy (J),Power (W)
Empty Loop,120.22047,3225.720520,26.876067
Prime95,180.5023,8157.079315,45.315843
FIRESTARTER,100.298064,4975.398575,49.60612
