Code,Runtime (s),Energy (J),Power (W)
Empty Loop,120.22047,3225.720520,26.876067
MiniMD,30.293834,846.999542,27.959470
leukocyte,38.924663,1197.911987,30.775141
CFD,29.721877,933.326187,31.401993
Heartwall,24.623079,787.174957,31.968990
streamcluster,33.860292,1086.773026,32.095796
lavaMD,65.640072,2117.507477,32.259372
Intel Linpack,143.361195,6246.340652,43.570651
FIRESTARTER,100.298064,4975.398575,49.60612
