Code,$\theta$,A,B,C,D,E
MiniMD,846.99954290798,1108.8797154146255,1138.4830927845148,803.5240558763111,814.179112270878,824.9754590548748
leukocyte,1197.9119922024831,1379.954244936205,1510.3846999935374,999.9519482600203,1046.141850740421,1094.4653628356245
CFD,933.326173500861,1046.6392192225303,1161.0689275446468,758.4229188956184,798.807157617759,841.3417621800318
Heartwall,787.17496632021,861.9311226580729,967.6419685664597,624.5784659387251,661.7715209502929,701.1793870969427
streamcluster,1086.7730245324321,1183.7168360759053,1332.4045750648033,857.7530456287042,910.031476431564,965.496179018753
lavaMD,2117.507500754784,2290.8162502739874,2587.321421464449,1659.9870473771305,1764.1469729568241,1874.8426664594713
